command,mean,stddev,median,user,system,min,max
Postgres,0.1736220733,0.011684489267539434,0.16893737006,0.06255957999999999,0.03399694,0.15603579306,0.19905077506000002
SQLite,0.06410363018000002,0.00410705036940045,0.06265194306,0.042207140000000004,0.023322099999999995,0.05900273906,0.07740944906000001
Minisql,0.9563130857399997,0.08277681707825701,0.92100404906,0.52621198,0.4299569,0.8573645360600001,1.12535193406
