command,mean,stddev,median,user,system,min,max
Postgres,0.17214598048000002,0.009507589148099405,0.17234660352000003,0.06180510000000001,0.03400684,0.15145641752000003,0.19296171352000002
SQLite,0.0699887046,0.005820892809975739,0.06821827452,0.04369265999999999,0.027108120000000003,0.06261190952,0.08462590452
Minisql,2.16699648916,0.17094830940104724,2.17353288752,1.2663165799999998,0.8946969999999999,1.8944638185200002,2.81144081952
