command,mean,stddev,median,user,system,min,max
Postgres,0.16914705572000002,0.010607144282306207,0.16611681488000002,0.06400181999999999,0.03294568,0.15261675888,0.19460098188000002
SQLite,0.06810374368,0.00661974842612306,0.06683338388,0.047840300000000016,0.020475279999999995,0.06203474688000001,0.09098081688
Minisql,2.0088172364799997,0.13379023817960747,1.98526520588,1.3286997,0.6512360399999999,1.86720886088,2.47858821188
