command,mean,stddev,median,user,system,min,max
Postgres,0.17463528234000003,0.027944410832287374,0.18082225986000003,0.0683064,0.03749352,0.13736597486000002,0.23944871886000002
SQLite,0.0691000331,0.008000521490394456,0.06627571086,0.04685828000000001,0.0228778,0.058367105860000004,0.09864402386000001
Minisql,2.5053949268600006,0.14635412267722395,2.52030900286,1.5338190399999996,0.9679713200000001,1.83512831386,2.6552052438600002
