command,mean,stddev,median,user,system,min,max
Postgres,1.15686914114,0.02483790023834466,1.15939971006,0.08451664,0.2877211,1.0874220250600002,1.19595528606
SQLite,0.17566234442000006,0.017591915234697227,0.17540771406000003,0.07107296,0.10420605999999999,0.13832619306000002,0.20501387706000002
Minisql,0.9182076610199998,0.0293132220434329,0.9155414230600001,0.56881752,0.35085821999999994,0.8660285170600001,0.98399935506
