command,mean,stddev,median,user,system,min,max
Postgres,0.16375370432,0.02512363545436249,0.15533501624,0.06104403999999999,0.038630740000000004,0.13491279624000002,0.22675231324000003
SQLite,0.08661098420000002,0.014853613913339494,0.08159096824,0.05013859999999999,0.033407579999999985,0.06623458024000001,0.11639612424000001
Minisql,1.0325430906400002,0.01592675513159076,1.03076863824,0.5586723999999998,0.4751123,1.0062013332400002,1.07210661524
