command,mean,stddev,median,user,system,min,max
Postgres,0.16781809272,0.019931358371199154,0.15831805276,0.06541244,0.037323339999999997,0.14640942676,0.22129369976000002
SQLite,0.07814782524000001,0.006665895293290868,0.07786594476,0.0536836,0.02506725999999999,0.06958244376,0.09575269576
Minisql,2.4430726466799997,0.3457716611585394,2.48541098876,1.4468489599999999,0.9917775800000002,1.92628637876,2.97515003376
