command,mean,stddev,median,user,system,min,max
Postgres,1.24677987156,0.026836726706999978,1.24421541936,0.12410766,0.26888062000000007,1.1871147633599999,1.30134824936
SQLite,0.18876203600000008,0.025314512213485487,0.18508209036,0.07340982,0.11491498,0.14680372036,0.23891273136000002
Minisql,0.9585037419599999,0.032059300796701086,0.96396153536,0.5664599400000001,0.39185518,0.87798642836,1.01068930136
