command,mean,stddev,median,user,system,min,max
psql -d mydb -q -f test-scripts/postgres/import-10k.sql > /dev/null,0.15878447042,0.00780747723410188,0.15842541518,0.05550667999999998,0.038652519999999996,0.14411091318,0.17416455018000002
(echo 'PRAGMA journal_mode=OFF; PRAGMA synchronous=OFF; PRAGMA temp_store=MEMORY;';      cat test-scripts/sqlite/import-10k.sql) | sqlite3 -batch -noheader sqlite.db > /dev/null,0.05163568818,0.0033550364171559305,0.05111564818,0.034681003200000005,0.02647524,0.04547087618,0.05911400418
./MainApp --silent < test-scripts/minisql/import-10k.sql > /dev/null,0.6851418506600002,0.020201678017815604,0.67951788418,0.4676895599999999,0.21756520000000001,0.65250651918,0.7362267251800001
