command,mean,stddev,median,user,system,min,max
psql -d mydb -q -f test-scripts/postgres/range-select-last-100-10k.sql > /dev/null,0.09651890706000002,0.008154326686318625,0.09411856554,0.05765543999999998,0.028002919999999997,0.08725509854,0.11848904354
(echo 'PRAGMA journal_mode=OFF; PRAGMA synchronous=OFF; PRAGMA temp_store=MEMORY;';      cat test-scripts/sqlite/range-select-last-100-10k.sql) | sqlite3 -batch -noheader sqlite.db > /dev/null,0.009423563820000003,0.004759835471798348,0.008395699540000003,0.0095664384,0.006055380800000001,0.005273187540000001,0.030437854540000007
./MainApp --silent < test-scripts/minisql/range-select-last-100-10k.sql > /dev/null,0.28298898722000004,0.022465242488189888,0.28559872754000004,0.16488167999999997,0.11633835999999999,0.23614516554,0.33489715354
