command,mean,stddev,median,user,system,min,max
psql -d mydb -q -f test-scripts/postgres/range-select-last-100-10k.sql > /dev/null,0.09745058927999999,0.006557762360409378,0.09574535524,0.055048280000000005,0.03095838,0.08878604524,0.11562039424000001
(echo 'PRAGMA journal_mode=OFF; PRAGMA synchronous=OFF; PRAGMA temp_store=MEMORY;';      cat test-scripts/sqlite/range-select-last-100-10k.sql) | sqlite3 -batch -noheader sqlite.db > /dev/null,0.00936098992,0.0028925645476189283,0.00850850924,0.0089913408,0.0063040568,0.00659676624,0.02036435024
./MainApp --silent < test-scripts/minisql/range-select-last-100-10k.sql > /dev/null,0.2838853396,0.031812809375956604,0.27874259824000003,0.15748671999999997,0.1236567,0.24157096624000002,0.39508468524
