command,mean,stddev,median,user,system,min,max
psql -d mydb -q -f test-scripts/postgres/select-batch-10k.sql > /dev/null,1.1331514362200001,0.14051394156578811,1.12643427826,0.11657336000000001,0.28392351999999993,0.53644695226,1.31033622526
(echo 'PRAGMA journal_mode=OFF; PRAGMA synchronous=OFF; PRAGMA temp_store=MEMORY;';      cat test-scripts/sqlite/select-batch-10k.sql) | sqlite3 -batch -noheader sqlite.db > /dev/null,0.07268256378000001,0.007940752387830314,0.07208634726,0.044153639999999994,0.03474775999999999,0.06117795226,0.09595240526000001
./MainApp --silent < test-scripts/minisql/select-batch-10k.sql > /dev/null,0.3814100359800001,0.021820759207766036,0.38504131926000007,0.23365267999999997,0.14698171999999995,0.32699621126000006,0.41820415426000007
