command,mean,stddev,median,user,system,min,max
psql -d mydb -q -f test-scripts/postgres/update-50percent.sql > /dev/null,0.09760456172,0.00730508975525417,0.0949423072,0.0551467,0.02993074,0.0874851142,0.11126280320000001
(echo 'PRAGMA journal_mode=OFF; PRAGMA synchronous=OFF; PRAGMA temp_store=MEMORY;';      cat test-scripts/sqlite/update-50percent.sql) | sqlite3 -batch -noheader sqlite.db > /dev/null,0.013714524480000004,0.005759359678242405,0.012157696200000002,0.0101817904,0.008519539999999999,0.0102571272,0.039897880200000006
./MainApp --silent < test-scripts/minisql/update-50percent.sql > /dev/null,0.52517942452,0.0328570515729448,0.5273938902,0.27548286000000005,0.24664280479999992,0.4463990862000001,0.6006457732
