command,mean,stddev,median,user,system,min,max
Postgres,0.5110614975600001,0.013990319669879583,0.50773949064,0.07964076,0.05519113999999997,0.49271268964000003,0.54855768264
SQLite,0.61073382036,0.04410113087536783,0.6168256976400001,0.3611085599999999,0.24384505999999995,0.52032576864,0.69924378964
Minisql,8.6424741974,0.11650849501513233,8.63659626464,5.459372999999999,3.16669806,8.41303373764,8.89768596964
