command,mean,stddev,median,user,system,min,max
Postgres,0.9054525337199999,0.16798150726203315,0.9622511326800001,0.07784246,0.08342778,0.6981297766800001,1.16303406568
SQLite,0.67909857908,0.06825688137863622,0.6722945746800001,0.40689374,0.26329753999999994,0.5895220886800001,0.9496506466800001
Minisql,19.315413231319997,0.38814148743301685,19.21697335468,12.327884619999999,6.92542734,18.482568008679998,20.20719755668
