command,mean,stddev,median,user,system,min,max
Postgres,1.60684499452,0.04138695868917694,1.60902989268,0.12332472,0.30055682000000006,1.48420353168,1.70981330068
SQLite,0.7089385040000002,0.07133551895331565,0.69405281268,0.4640991199999999,0.24491069999999998,0.62193918268,0.88114714868
Minisql,7.0316905074,0.15336029360987952,7.02448786068,5.405438279999999,1.5938660599999996,6.76975000568,7.42322081768
