command,mean,stddev,median,user,system,min,max
Postgres,0.59578538104,0.022310936972382112,0.5920963974000001,0.09032397999999998,0.06316812,0.5619039074000001,0.6659832924000001
SQLite,0.95668902704,0.0498158457968232,0.9451067394000001,0.6259125799999999,0.33265968,0.8553990674,1.0848676704
Minisql,26.184880850280003,3.3603193625042747,27.742049387399998,15.460793979999996,10.63907932,19.563380635399998,30.142035705399998
