command,mean,stddev,median,user,system,min,max
Postgres,0.6776604936400001,0.026486075634254827,0.6708186564,0.07995767999999998,0.06516869999999998,0.6445960934,0.7518768284
SQLite,0.6661532051600001,0.05205226798280082,0.6515630134,0.4047466,0.25928665999999995,0.6014020854,0.8081833744
Minisql,20.944484696679996,1.1253453237601891,20.484145888399997,12.727204319999998,8.15612998,19.4652181134,23.057211503399998
