command,mean,stddev,median,user,system,min,max
Postgres,0.5218780813399999,0.014939869030746233,0.52135580666,0.07327398,0.06238328,0.49524674966,0.55033772266
SQLite,0.6762619392999999,0.04906369900232725,0.67789092666,0.45461802000000007,0.22065444000000003,0.5911367426599999,0.76565952466
Minisql,21.21482575334,2.634419461763434,19.945450245660002,13.4722907,7.579016160000001,18.857096282660002,26.47697218966
