command,mean,stddev,median,user,system,min,max
Postgres,0.6849328234999998,0.02637765609831729,0.6803344845,0.0816567,0.06073602,0.6535477655,0.7780042375
SQLite,0.6077912489000002,0.03433747714332193,0.6141109035000001,0.41527494,0.19229245999999992,0.5390803525000001,0.6882389505000001
Minisql,8.76112635114,0.11814024791465419,8.7648890705,5.416244379999999,3.32129978,8.5526669795,9.0039599245
