command,mean,stddev,median,user,system,min,max
Postgres,1.4805401210600004,0.020750799134602926,1.4770480566600002,0.11557923999999999,0.29103971999999995,1.43758412666,1.51770739666
SQLite,0.6977931437799999,0.07195155957068139,0.68665181766,0.40717667999999985,0.2899192,0.58471039766,0.8571237176600001
Minisql,7.048208744939999,0.1937858768683255,7.00658273866,5.311533799999999,1.7054419599999995,6.76979644566,7.76288285466
