command,mean,stddev,median,user,system,min,max
psql -d mydb -q -f test-scripts/postgres/range-select-last-100-100k.sql > /dev/null,0.09398189062000002,0.007706228808491107,0.09237364990000001,0.061470939999999995,0.021797259999999995,0.0848733759,0.1232195739
(echo 'PRAGMA journal_mode=OFF; PRAGMA synchronous=OFF; PRAGMA temp_store=MEMORY;';      cat test-scripts/sqlite/range-select-last-100-100k.sql) | sqlite3 -batch -noheader sqlite.db > /dev/null,0.007909910979999997,0.00492383095880451,0.006462603899999997,0.006533176799999999,0.007215940000000001,0.004710171899999997,0.024571261899999995
./MainApp --silent < test-scripts/minisql/range-select-last-100-100k.sql > /dev/null,2.69345374606,0.13567120653782366,2.6560766139,1.4869611000000003,1.18789734,2.3246826309,2.9712162929
