command,mean,stddev,median,user,system,min,max
psql -d mydb -q -f test-scripts/postgres/select-batch-100k.sql > /dev/null,1.2655658905000002,0.06111924907558864,1.25642562434,0.14290795999999997,0.30242653999999997,1.20860433634,1.53479655034
(echo 'PRAGMA journal_mode=OFF; PRAGMA synchronous=OFF; PRAGMA temp_store=MEMORY;';      cat test-scripts/sqlite/select-batch-100k.sql) | sqlite3 -batch -noheader sqlite.db > /dev/null,0.09352511026000002,0.020180993158590645,0.08651582233999999,0.05112384000000001,0.04707357999999999,0.06820366434,0.15334319234000002
./MainApp --silent < test-scripts/minisql/select-batch-100k.sql > /dev/null,1.84055187138,0.12670761237250874,1.89300929434,0.97589276,0.8604029400000001,1.5535347703400002,1.9965928653400002
