command,mean,stddev,median,user,system,min,max
psql -d mydb -q -f test-scripts/postgres/update-50percent.sql > /dev/null,0.12357501648,0.010177926142872284,0.12293013172,0.05634608,0.033497780000000005,0.11215702672000001,0.15340217072
(echo 'PRAGMA journal_mode=OFF; PRAGMA synchronous=OFF; PRAGMA temp_store=MEMORY;';      cat test-scripts/sqlite/update-50percent.sql) | sqlite3 -batch -noheader sqlite.db > /dev/null,0.04610783748,0.02441094666814077,0.03833040372,0.023466942399999996,0.02609758,0.029056070720000004,0.13668723172
./MainApp --silent < test-scripts/minisql/update-50percent.sql > /dev/null,5.382502424560001,0.25334646179359627,5.33668727772,2.75905128,2.6092170599999998,4.80456589072,5.92873473772
